-- phpMyAdmin SQL Dump
-- version 5.1.1
-- https://www.phpmyadmin.net/
--
-- Host: 127.0.0.1
-- Generation Time: Jul 04, 2021 at 05:13 PM
-- Server version: 10.4.19-MariaDB
-- PHP Version: 8.0.7

SET SQL_MODE = "NO_AUTO_VALUE_ON_ZERO";
START TRANSACTION;
SET time_zone = "+00:00";


/*!40101 SET @OLD_CHARACTER_SET_CLIENT=@@CHARACTER_SET_CLIENT */;
/*!40101 SET @OLD_CHARACTER_SET_RESULTS=@@CHARACTER_SET_RESULTS */;
/*!40101 SET @OLD_COLLATION_CONNECTION=@@COLLATION_CONNECTION */;
/*!40101 SET NAMES utf8mb4 */;

--
-- Database: `loginsystem`
--

-- --------------------------------------------------------

--
-- Table structure for table `adminlogin`
--

CREATE TABLE `adminlogin` (
  `id` int(11) NOT NULL,
  `adminname` varchar(100) NOT NULL,
  `password` varchar(100) NOT NULL
) ENGINE=InnoDB DEFAULT CHARSET=utf8mb4;

--
-- Dumping data for table `adminlogin`
--

INSERT INTO `adminlogin` (`id`, `adminname`, `password`) VALUES
(1, 'admin', 'admin'),
(2, 'marina', 'marina123');

-- --------------------------------------------------------

--
-- Table structure for table `reservation`
--

CREATE TABLE `reservation` (
  `reserv_id` int(11) NOT NULL,
  `f_name` text NOT NULL,
  `l_name` text NOT NULL,
  `num_guests` int(11) NOT NULL,
  `num_tables` int(11) NOT NULL,
  `rdate` date NOT NULL,
  `time_zone` text NOT NULL,
  `telephone` text NOT NULL,
  `comment` mediumtext NOT NULL,
  `reg_date` timestamp NOT NULL DEFAULT current_timestamp(),
  `user_fk` int(11) NOT NULL
) ENGINE=InnoDB DEFAULT CHARSET=utf8;

--
-- Dumping data for table `reservation`
--

INSERT INTO `reservation` (`reserv_id`, `f_name`, `l_name`, `num_guests`, `num_tables`, `rdate`, `time_zone`, `telephone`, `comment`, `reg_date`, `user_fk`) VALUES
(1, 'Chin ', 'Cho Liao', 2, 10, '2021-07-07', '6pm - 8pm', '011-265 9845', 'I just want some spicy Nasi lemak with sambal rendang, nyummmm.', '2021-07-04 14:34:28', 34),
(2, 'Ruthra', 'Ponapallam', 2, 8, '2021-06-24', '8pm - 10pm', '011-56418430', 'I need a corner table if possible because I\'m bringing my date..Hihix', '2021-07-04 13:00:03', 35),
(3, 'Nik Hannan', 'Bin Nik Haziman', 6, 5, '2021-07-29', '7pm - 9pm', '019-2635700', 'I want my food to be prepared on the table before I reach your restaurant. I will be on time.', '2021-07-04 14:25:29', 26),
(4, 'Sri Vishnu', 'Parthipan', 4, 6, '2021-07-10', '1pm - 3pm', '010-5631605', 'We would like to have any chilling juice for our lunch.', '2021-06-23 08:25:42', 27),
(5, 'Marina', 'Binti Hassan', 6, 2, '2021-08-12', '7pm - 8.30pm', '019-3563740', 'It is my wedding anniversary. So, I just want all my meals to be delicious. ', '2021-07-04 14:30:16', 28),
(6, 'Puchong', 'Michael', 10, 1, '2021-07-31', '8pm - 10pm', '015-365 182', 'I am bringing my whole family for dinner about 10 ppl. So I want to combine 2 tables.', '2021-07-23 14:34:31', 30);

-- --------------------------------------------------------

--
-- Table structure for table `role`
--

CREATE TABLE `role` (
  `role_id` int(5) NOT NULL
) ENGINE=InnoDB DEFAULT CHARSET=utf8 COLLATE=utf8_bin;

--
-- Dumping data for table `role`
--

INSERT INTO `role` (`role_id`) VALUES
(1),
(2),
(3);

-- --------------------------------------------------------

--
-- Table structure for table `schedule`
--

CREATE TABLE `schedule` (
  `schedule_id` int(11) NOT NULL,
  `date` date NOT NULL,
  `open_time` time NOT NULL DEFAULT '12:00:00',
  `close_time` time NOT NULL DEFAULT '00:00:00'
) ENGINE=InnoDB DEFAULT CHARSET=utf8;

--
-- Dumping data for table `schedule`
--

INSERT INTO `schedule` (`schedule_id`, `date`, `open_time`, `close_time`) VALUES
(6, '2019-05-15', '03:11:00', '11:11:00'),
(7, '2019-05-16', '01:00:00', '01:00:00'),
(8, '2019-05-18', '02:01:00', '15:00:00');

-- --------------------------------------------------------

--
-- Table structure for table `tables`
--

CREATE TABLE `tables` (
  `tables_id` int(11) NOT NULL,
  `t_date` date NOT NULL,
  `t_tables` int(11) NOT NULL
) ENGINE=InnoDB DEFAULT CHARSET=utf8;

--
-- Dumping data for table `tables`
--

INSERT INTO `tables` (`tables_id`, `t_date`, `t_tables`) VALUES
(6, '2019-05-17', 5),
(7, '2019-05-15', 10),
(8, '2019-05-10', 2);

-- --------------------------------------------------------

--
-- Table structure for table `users`
--

CREATE TABLE `users` (
  `user_id` int(11) NOT NULL,
  `uidUsers` tinytext NOT NULL,
  `emailUsers` tinytext NOT NULL,
  `pwdUsers` longtext NOT NULL,
  `reg_date` timestamp NOT NULL DEFAULT current_timestamp(),
  `role_id` int(11) NOT NULL DEFAULT 1
) ENGINE=InnoDB DEFAULT CHARSET=utf8;

--
-- Dumping data for table `users`
--

INSERT INTO `users` (`user_id`, `uidUsers`, `emailUsers`, `pwdUsers`, `reg_date`, `role_id`) VALUES
(26, 'kappa', 'kapa@in.com', '$2y$10$AXUubKPLqRUX1DeorQ3AGOsBey7oaSNPF892EUR96unf..h25rsYq', '2019-04-30 19:51:07', 1),
(27, 'kappa1', 'ka11pa@in.com', '$2y$10$/VK5CmjZavvC4gdv3WFk5u.Th5luQTfpzigiYPSryoVdULSE57A.a', '2019-04-30 20:18:57', 1),
(28, 'kappa2', 'kappa2@hotmail.com', '$2y$10$jfiG7gFvyQo..Cx1ZwktaOcs.83Zhsn0fkvq.9CvQCRA4Ognb/cBK', '2019-04-30 20:46:20', 2),
(29, 'ddsa', 'kapa@in.comq', '$2y$10$sH8sr2sI//qD5bg/D/sGeuDYb3COyUEwvNCKTLBfWUitVi2s/Z0ZG', '2019-05-01 00:25:37', 1),
(30, 'kappakeepo', '1kapa@in.com', '$2y$10$ONn5KIyEJ.iyFKQIZVHjiurhibs/udkh6W8BLqz1Anj/z9j2VbL6y', '2019-05-01 00:37:43', 1),
(31, 'kappakeepo12', 'kap11a@in.com', '$2y$10$WZjlyFoTvyAy/loojjLiE.0Ekka5nwcfAUnwIGM2FaR0g11ieVjeq', '2019-05-02 21:54:09', 1),
(32, 'fwtis', 'kappa1@in.gr', '$2y$10$3rZoKKI5idzOeRK.YUfcwe/7bL66dkU0o54w2uQ/PWpFPYR7T/Zk2', '2019-05-03 01:11:03', 1),
(33, 'kopelitsoua', 'effgfdgfdg@hotmail.com', '$2y$10$Ha0vNgl399uQveyAsp.MyuKteq9ZXZRH1yZ7XY2KZXU1O0HiQ0.CK', '2019-05-03 18:05:05', 1),
(34, 'lolas', 'lolas@in.gr', '$2y$10$Fgzedyphz9nYpLkXaGOc2u.K2SZby5m5t23Uo/3u/4kC8a6Uf9xTe', '2019-05-05 00:59:10', 1),
(35, 'qwerty', 'qwerty@gmail.com', '$2y$10$WKBJHToAW/iOWK6LCC43cub/Bm13KOw8XP6D8qtbP.US1FVy78Y56', '2021-07-04 11:01:14', 1);

--
-- Indexes for dumped tables
--

--
-- Indexes for table `adminlogin`
--
ALTER TABLE `adminlogin`
  ADD PRIMARY KEY (`id`);

--
-- Indexes for table `reservation`
--
ALTER TABLE `reservation`
  ADD PRIMARY KEY (`reserv_id`),
  ADD KEY `users_fk` (`user_fk`);

--
-- Indexes for table `role`
--
ALTER TABLE `role`
  ADD PRIMARY KEY (`role_id`),
  ADD KEY `role_id` (`role_id`);

--
-- Indexes for table `schedule`
--
ALTER TABLE `schedule`
  ADD PRIMARY KEY (`schedule_id`);

--
-- Indexes for table `tables`
--
ALTER TABLE `tables`
  ADD PRIMARY KEY (`tables_id`);

--
-- Indexes for table `users`
--
ALTER TABLE `users`
  ADD PRIMARY KEY (`user_id`),
  ADD KEY `role_id` (`role_id`);

--
-- AUTO_INCREMENT for dumped tables
--

--
-- AUTO_INCREMENT for table `adminlogin`
--
ALTER TABLE `adminlogin`
  MODIFY `id` int(11) NOT NULL AUTO_INCREMENT, AUTO_INCREMENT=6;

--
-- AUTO_INCREMENT for table `reservation`
--
ALTER TABLE `reservation`
  MODIFY `reserv_id` int(11) NOT NULL AUTO_INCREMENT, AUTO_INCREMENT=89;

--
-- AUTO_INCREMENT for table `role`
--
ALTER TABLE `role`
  MODIFY `role_id` int(5) NOT NULL AUTO_INCREMENT, AUTO_INCREMENT=4;

--
-- AUTO_INCREMENT for table `schedule`
--
ALTER TABLE `schedule`
  MODIFY `schedule_id` int(11) NOT NULL AUTO_INCREMENT, AUTO_INCREMENT=9;

--
-- AUTO_INCREMENT for table `tables`
--
ALTER TABLE `tables`
  MODIFY `tables_id` int(11) NOT NULL AUTO_INCREMENT, AUTO_INCREMENT=9;

--
-- AUTO_INCREMENT for table `users`
--
ALTER TABLE `users`
  MODIFY `user_id` int(11) NOT NULL AUTO_INCREMENT, AUTO_INCREMENT=36;

--
-- Constraints for dumped tables
--

--
-- Constraints for table `reservation`
--
ALTER TABLE `reservation`
  ADD CONSTRAINT `idusers` FOREIGN KEY (`user_fk`) REFERENCES `users` (`user_id`);

--
-- Constraints for table `users`
--
ALTER TABLE `users`
  ADD CONSTRAINT `users_ibfk_1` FOREIGN KEY (`role_id`) REFERENCES `role` (`role_id`) ON UPDATE NO ACTION;
COMMIT;

/*!40101 SET CHARACTER_SET_CLIENT=@OLD_CHARACTER_SET_CLIENT */;
/*!40101 SET CHARACTER_SET_RESULTS=@OLD_CHARACTER_SET_RESULTS */;
/*!40101 SET COLLATION_CONNECTION=@OLD_COLLATION_CONNECTION */;
